{"results": [{"front": [[0.9930879980458581, 0.9999114693211795], [0.8409813349283908, 0.0]], "conv": [0.6249192786766355, 0.6872064344481006], "conv_final": 0.6872064344481006, "deltas": [NaN, NaN], "delta_final": NaN}], "bounds1": [-2.522157982672964, -2.289886769482068], "bounds2": [1.4131012129800216, 2.276907320615835], "run": 1, "seed": 39, "max_runs": 2}