{"results": [{"front": [[0.9954460236223278, 0.9999162101731002, 0.9783027086595666, 0.5235697835035183, 0.7481224139291339], [0.7648556853367042, 0.319720944270294, 0.8870646198240263, 0.9999999844758874, 0.9270634631678824]], "conv": [0.5173477667096129, 0.4169136741593883], "conv_final": 0.4169136741593883, "deltas": [0.772866208242801, 0.6120350721083256], "delta_final": 0.6120350721083256}], "bounds1": [-2.740506121601377, -2.2933505179200853], "bounds2": [1.676568187195129, 2.3207273838566223], "run": 1, "seed": 39, "max_runs": 2}