{"results": [{"front": [[0.9997199630221628, 0.9606880339005139, 0.7436501208749052], [0.9786608983537844, 0.9910820335422915, 0.9999999870500097]], "conv": [0.4787586430821878, 0.3475234208290553], "conv_final": 0.3475234208290553, "deltas": [0.8100044131169163, 0.8413494744927245], "delta_final": 0.8413494744927245}], "bounds1": [-2.5196027937105723, -2.2977533737250737], "bounds2": [1.5673460577376803, 2.3395474041302666], "run": 1, "seed": 39, "max_runs": 2}