{"results": [{"front": [[0.9997199630221628, 0.9606880339005139, 0.7436501208749052], [0.9786608983537844, 0.9910820335422915, 0.9999999870500097]], "conv": [0.4787586430821878, 0.3475234208290553], "conv_final": 0.3475234208290553, "deltas": [0.8100044131169163, 0.8413494744927245], "delta_final": 0.8413494744927245}, {"front": [[0.8980676964701765, 0.9839891247834743, 0.9257338797392185, 0.9473630501872613, 0.9207041628631152, 0.7179609154694723, 0.0, 0.08543155283168162], [0.7918224688498582, 0.0, 0.6213836161770092, 0.5101053684347343, 0.7361801787825982, 0.8162466954065489, 0.9130593894506425, 0.8249503617780493]], "conv": [0.5702455947962057, 0.6668206062724786], "conv_final": 0.6668206062724786, "deltas": [0.7170810010682288, 0.8138802627920407], "delta_final": 0.8138802627920407}], "bounds1": [-2.5196027937105723, -2.2977533737250737], "bounds2": [1.5673460577376803, 2.3395474041302666], "run": 2, "seed": 41, "max_runs": 2}